{
    "name": "root",
    "metadata": {
        "timer_format_version": "0.1.0",
        "start_time_seconds": "1666898026",
        "python_version": "3.8.2 (tags/v3.8.2:7b3ab59, Feb 25 2020, 23:03:10) [MSC v.1916 64 bit (AMD64)]",
        "command_line_arguments": "c:\\users\\gpepp\\appdata\\local\\programs\\python\\python38\\scripts\\mlagents-learn config\\Ship_imitation.yaml --run-id=ShipImit1 --force",
        "mlagents_version": "0.29.0",
        "mlagents_envs_version": "0.29.0",
        "communication_protocol_version": "1.5.0",
        "pytorch_version": "1.9.1+cu111",
        "numpy_version": "1.23.3",
        "end_time_seconds": "1666898157"
    },
    "total": 130.4060656,
    "count": 1,
    "self": 0.005635399999988522,
    "children": {
        "run_training.setup": {
            "total": 0.14356910000000012,
            "count": 1,
            "self": 0.14356910000000012
        },
        "TrainerController.start_learning": {
            "total": 130.2568611,
            "count": 1,
            "self": 0.10830279999962045,
            "children": {
                "TrainerController._reset_env": {
                    "total": 55.5084243,
                    "count": 1,
                    "self": 6.073126700000003,
                    "children": {
                        "demo_to_buffer": {
                            "total": 49.4352976,
                            "count": 2,
                            "self": 0.2171707999999981,
                            "children": {
                                "load_demonstration": {
                                    "total": 34.437857799999996,
                                    "count": 2,
                                    "self": 34.41539789999999,
                                    "children": {
                                        "read_file": {
                                            "total": 0.02245990000000564,
                                            "count": 2,
                                            "self": 0.02245990000000564
                                        }
                                    }
                                },
                                "make_demo_buffer": {
                                    "total": 14.780269000000004,
                                    "count": 2,
                                    "self": 1.5846239999997707,
                                    "children": {
                                        "steps_from_proto": {
                                            "total": 13.195645000000233,
                                            "count": 61772,
                                            "self": 5.8273617999991,
                                            "children": {
                                                "_process_rank_one_or_two_observation": {
                                                    "total": 7.368283200001134,
                                                    "count": 247088,
                                                    "self": 7.368283200001134
                                                }
                                            }
                                        }
                                    }
                                }
                            }
                        }
                    }
                },
                "TrainerController.advance": {
                    "total": 74.50308060000036,
                    "count": 7251,
                    "self": 0.10311699999910218,
                    "children": {
                        "env_step": {
                            "total": 73.49590350000081,
                            "count": 7251,
                            "self": 50.040013500000335,
                            "children": {
                                "SubprocessEnvManager._take_step": {
                                    "total": 23.385906200000257,
                                    "count": 7251,
                                    "self": 0.2950681999993705,
                                    "children": {
                                        "TorchPolicy.evaluate": {
                                            "total": 23.090838000000886,
                                            "count": 7251,
                                            "self": 5.817448200001145,
                                            "children": {
                                                "TorchPolicy.sample_actions": {
                                                    "total": 17.27338979999974,
                                                    "count": 7251,
                                                    "self": 17.27338979999974
                                                }
                                            }
                                        }
                                    }
                                },
                                "workers": {
                                    "total": 0.06998380000021598,
                                    "count": 7250,
                                    "self": 0.0,
                                    "children": {
                                        "worker_root": {
                                            "total": 124.51069239999993,
                                            "count": 7250,
                                            "is_parallel": true,
                                            "self": 82.72318379999956,
                                            "children": {
                                                "steps_from_proto": {
                                                    "total": 0.0003720999999998753,
                                                    "count": 1,
                                                    "is_parallel": true,
                                                    "self": 0.00016150000000036968,
                                                    "children": {
                                                        "_process_rank_one_or_two_observation": {
                                                            "total": 0.00021059999999950563,
                                                            "count": 4,
                                                            "is_parallel": true,
                                                            "self": 0.00021059999999950563
                                                        }
                                                    }
                                                },
                                                "UnityEnvironment.step": {
                                                    "total": 41.78713650000036,
                                                    "count": 7250,
                                                    "is_parallel": true,
                                                    "self": 0.3710874000000146,
                                                    "children": {
                                                        "UnityEnvironment._generate_step_input": {
                                                            "total": 0.8181919000002367,
                                                            "count": 7250,
                                                            "is_parallel": true,
                                                            "self": 0.8181919000002367
                                                        },
                                                        "communicator.exchange": {
                                                            "total": 38.412790000000165,
                                                            "count": 7250,
                                                            "is_parallel": true,