{
    "name": "root",
    "metadata": {
        "timer_format_version": "0.1.0",
        "start_time_seconds": "1666901346",
        "python_version": "3.8.2 (tags/v3.8.2:7b3ab59, Feb 25 2020, 23:03:10) [MSC v.1916 64 bit (AMD64)]",
        "command_line_arguments": "c:\\users\\gpepp\\appdata\\local\\programs\\python\\python38\\scripts\\mlagents-learn config\\Ship_imitation.yaml --run-id=ShipImit1 --force",
        "mlagents_version": "0.29.0",
        "mlagents_envs_version": "0.29.0",
        "communication_protocol_version": "1.5.0",
        "pytorch_version": "1.9.1+cu111",
        "numpy_version": "1.23.3",
        "end_time_seconds": "1666901567"
    },
    "total": 221.1366473,
    "count": 1,
    "self": 0.008131300000002284,
    "children": {
        "run_training.setup": {
            "total": 0.14521380000000006,
            "count": 1,
            "self": 0.14521380000000006
        },
        "TrainerController.start_learning": {
            "total": 220.9833022,
            "count": 1,
            "self": 0.2382249000011143,
            "children": {
                "TrainerController._reset_env": {
                    "total": 68.2164635,
                    "count": 1,
                    "self": 9.070790500000001,
                    "children": {
                        "demo_to_buffer": {
                            "total": 59.145673,
                            "count": 2,
                            "self": 0.2496348000000026,
                            "children": {
                                "load_demonstration": {
                                    "total": 40.9912022,
                                    "count": 2,
                                    "self": 40.957378899999995,
                                    "children": {
                                        "read_file": {
                                            "total": 0.03382330000000344,
                                            "count": 2,
                                            "self": 0.03382330000000344
                                        }
                                    }
                                },
                                "make_demo_buffer": {
                                    "total": 17.904836000000003,
                                    "count": 2,
                                    "self": 1.8840257000001621,
                                    "children": {
                                        "steps_from_proto": {
                                            "total": 16.02081029999984,
                                            "count": 79000,
                                            "self": 6.920001500001085,
                                            "children": {
                                                "_process_rank_one_or_two_observation": {
                                                    "total": 9.100808799998756,
                                                    "count": 316000,
                                                    "self": 9.100808799998756
                                                }
                                            }
                                        }
                                    }
                                }
                            }
                        }
                    }
                },
                "TrainerController.advance": {
                    "total": 152.4127876999989,
                    "count": 16000,
                    "self": 0.22593749999896318,
                    "children": {
                        "env_step": {
                            "total": 150.1655556999999,
                            "count": 16000,
                            "self": 99.9144822000012,
                            "children": {
                                "SubprocessEnvManager._take_step": {
                                    "total": 50.10494240000074,
                                    "count": 16000,
                                    "self": 0.5954145999994154,
                                    "children": {
                                        "TorchPolicy.evaluate": {
                                            "total": 49.50952780000132,
                                            "count": 16000,
                                            "self": 12.420529500003767,
                                            "children": {
                                                "TorchPolicy.sample_actions": {
                                                    "total": 37.088998299997556,
                                                    "count": 16000,
                                                    "self": 37.088998299997556
                                                }
                                            }
                                        }
                                    }
                                },
                                "workers": {
                                    "total": 0.14613109999797302,
                                    "count": 16000,
                                    "self": 0.0,
                                    "children": {
                                        "worker_root": {
                                            "total": 215.37042420000063,
                                            "count": 16000,
                                            "is_parallel": true,
                                            "self": 126.53767259999796,
                                            "children": {
                                                "steps_from_proto": {
                                                    "total": 0.00040420000000018774,
                                                    "count": 1,
                                                    "is_parallel": true,
                                                    "self": 0.00015940000000025378,
                                                    "children": {
                                                        "_process_rank_one_or_two_observation": {
                                                            "total": 0.00024479999999993396,
                                                            "count": 4,
                                                            "is_parallel": true,
                                                            "self": 0.00024479999999993396
                                                        }
                                                    }
                                                },
                                                "UnityEnvironment.step": {
                                                    "total": 88.83234740000266,
                                                    "count": 16000,
                                                    "is_parallel": true,
                                                    "self": 0.7550900000023546,
                                                    "children": {
                                                        "UnityEnvironment._generate_step_input": {
                                                            "total": 1.635540600000411,
                                                            "count": 16000,
                                                            "is_parallel": true,
                                                            "self": 1.635540600000411
                                                        },
                                                        "communicator.exchange": {
                                                            "total": 81.82939549999824,
                                                            "count": 16000,
                                                            "is_parallel": true,