{
    "name": "root",
    "metadata": {
        "timer_format_version": "0.1.0",
        "start_time_seconds": "1666458723",
        "python_version": "3.8.2 (tags/v3.8.2:7b3ab59, Feb 25 2020, 23:03:10) [MSC v.1916 64 bit (AMD64)]",
        "command_line_arguments": "c:\\users\\gpepp\\appdata\\local\\programs\\python\\python38\\scripts\\mlagents-learn config\\Ship_imitation.yaml --run-id=ShipTraining1 --force",
        "mlagents_version": "0.29.0",
        "mlagents_envs_version": "0.29.0",
        "communication_protocol_version": "1.5.0",
        "pytorch_version": "1.9.1+cu111",
        "numpy_version": "1.23.3",
        "end_time_seconds": "1666458746"
    },
    "total": 23.2057715,
    "count": 1,
    "self": 0.005660199999997673,
    "children": {
        "run_training.setup": {
            "total": 0.1394082000000001,
            "count": 1,
            "self": 0.1394082000000001
        },
        "TrainerController.start_learning": {
            "total": 23.0607031,
            "count": 1,
            "self": 0.15588650000000115,
            "children": {
                "TrainerController._reset_env": {
                    "total": 22.9026778,
                    "count": 1,
                    "self": 9.338752299999998,
                    "children": {
                        "demo_to_buffer": {
                            "total": 13.563925500000002,
                            "count": 1,
                            "self": 1.3799999999619672e-05,
                            "children": {
                                "load_demonstration": {
                                    "total": 13.563911700000002,
                                    "count": 1,
                                    "self": 13.535826900000002,
                                    "children": {
                                        "read_file": {
                                            "total": 0.028084800000000243,
                                            "count": 1,
                                            "self": 0.028084800000000243
                                        }
                                    }
                                }
                            }
                        }
                    }
                },
                "trainer_threads": {
                    "total": 8.999999998593466e-07,
                    "count": 1,
                    "self": 8.999999998593466e-07
                },
                "TrainerController._save_models": {
                    "total": 0.002137900000001025,
                    "count": 1,
                    "self": 0.00022440000000045757,
                    "children": {
                        "RLTrainer._checkpoint": {
                            "total": 0.0019135000000005675,
                            "count": 1,
                            "self": 0.0019135000000005675
                        }
                    }
                }
            }
        }
    }
}