{
    "name": "root",
    "metadata": {
        "timer_format_version": "0.1.0",
        "start_time_seconds": "1665397181",
        "python_version": "3.8.2 (tags/v3.8.2:7b3ab59, Feb 25 2020, 23:03:10) [MSC v.1916 64 bit (AMD64)]",
        "command_line_arguments": "c:\\users\\gpepp\\appdata\\local\\programs\\python\\python38\\scripts\\mlagents-learn",
        "mlagents_version": "0.29.0",
        "mlagents_envs_version": "0.29.0",
        "communication_protocol_version": "1.5.0",
        "pytorch_version": "1.9.1+cu111",
        "numpy_version": "1.23.3",
        "end_time_seconds": "1665397502"
    },
    "total": 320.6784795,
    "count": 1,
    "self": 0.005680099999949562,
    "children": {
        "run_training.setup": {
            "total": 0.2797761999999997,
            "count": 1,
            "self": 0.2797761999999997
        },
        "TrainerController.start_learning": {
            "total": 320.3930232,
            "count": 1,
            "self": 0.2587013000000411,
            "children": {
                "TrainerController._reset_env": {
                    "total": 22.0168904,
                    "count": 1,
                    "self": 22.0168904
                },
                "TrainerController.advance": {
                    "total": 297.9698307,
                    "count": 16844,
                    "self": 0.24274149999865813,
                    "children": {
                        "env_step": {
                            "total": 295.1299018999996,
                            "count": 16844,
                            "self": 259.1471859999968,
                            "children": {
                                "SubprocessEnvManager._take_step": {
                                    "total": 35.817513600000325,
                                    "count": 16846,
                                    "self": 0.6856689999982706,
                                    "children": {
                                        "TorchPolicy.evaluate": {
                                            "total": 35.131844600002054,
                                            "count": 16846,
                                            "self": 10.303444400001592,
                                            "children": {
                                                "TorchPolicy.sample_actions": {
                                                    "total": 24.828400200000463,
                                                    "count": 16846,
                                                    "self": 24.828400200000463
                                                }
                                            }
                                        }
                                    }
                                },
                                "workers": {
                                    "total": 0.16520230000248048,
                                    "count": 16843,
                                    "self": 0.0,
                                    "children": {
                                        "worker_root": {
                                            "total": 138.0124712000013,
                                            "count": 16843,
                                            "is_parallel": true,
                                            "self": 59.58633210000218,
                                            "children": {
                                                "steps_from_proto": {
                                                    "total": 0.002740399999998644,
                                                    "count": 3,
                                                    "is_parallel": true,
                                                    "self": 0.000721899999989617,
                                                    "children": {
                                                        "_process_rank_one_or_two_observation": {
                                                            "total": 0.002018500000009027,
                                                            "count": 6,
                                                            "is_parallel": true,
                                                            "self": 0.002018500000009027
                                                        }
                                                    }
                                                },
                                                "UnityEnvironment.step": {
                                                    "total": 78.42339869999913,
                                                    "count": 16843,
                                                    "is_parallel": true,
                                                    "self": 0.8125384999990359,
                                                    "children": {
                                                        "UnityEnvironment._generate_step_input": {
                                                            "total": 1.7980064000004106,
                                                            "count": 16843,
                                                            "is_parallel": true,
                                                            "self": 1.7980064000004106
                                                        },
                                                        "communicator.exchange": {
                                                            "total": 72.50409379999954,
                                                            "count": 16843,
                                                            "is_parallel": true,
                                                            "self": 72.50409379999954
                                                        },
                                                        "steps_from_proto": {
                                                            "total": 3.308760000000138,
                                                            "count": 16843,
                                                            "is_parallel": true,
                                                            "self": 2.2306952999994607,
                                                            "children": {
                                                                "_process_rank_one_or_two_observation": {
                                                                    "total": 1.0780647000006773,
                                                                    "count": 33686,
                                                                    "is_parallel": true,
                                                                    "self": 1.0780647000006773
                                                                }
                                                            }
                                                        }
                                                    }
                                                }
                                            }
                                        }
                                    }
                                }
                            }
                        },
                        "trainer_advance": {
                            "total": 2.5971873000017602,
                            "count": 16843,
                            "self": 0.30068800000184837,
                            "children": {
                                "process_trajectory": {
                                    "total": 1.05788159999992,
                                    "count": 16843,
                                    "self": 1.05788159999992
                                },
                                "_update_policy": {
                                    "total": 1.2386176999999918,