{"count":1,"self":2025.7183744,"total":2042.6095813,"children":{"InitializeActuators":{"count":1,"self":0.00049949999999999994,"total":0.00049949999999999994,"children":null},"InitializeSensors":{"count":1,"self":0,"total":0,"children":null},"AgentSendState":{"count":101895,"self":14.0683136,"total":15.7729343,"children":{"CollectObservations":{"count":75756,"self":0.32325499999999996,"total":0.32325499999999996,"children":null},"WriteActionMask":{"count":75756,"self":0.0970883,"total":0.0970883,"children":null},"RequestDecision":{"count":75756,"self":0.64676099999999992,"total":0.9925465,"children":{"RayPerceptionSensor.Perceive":{"count":151512,"self":0.34578549999999997,"total":0.34578549999999997,"children":null}}},"RayPerceptionSensor.Perceive":{"count":151510,"self":0.2917317,"total":0.2917317,"children":null}}},"DecideAction":{"count":101895,"self":0.6697833,"total":0.6697833,"children":null},"AgentAct":{"count":101895,"self":0.44339969999999995,"total":0.44339969999999995,"children":null},"RayPerceptionSensor.Perceive":{"count":2000,"self":0.0040339999999999994,"total":0.0040339999999999994,"children":null}},"gauges":{"CannonTraining.CumulativeReward":{"count":500,"max":2.9978,"min":2.9398,"runningAverage":2.96969676,"value":2.9758,"weightedAverage":2.97842288}},"metadata":{"timer_format_version":"0.1.0","start_time_seconds":"1668610376","unity_version":"2021.3.12f1","command_line_arguments":"C:\\Program Files\\Unity\\Hub\\Editor\\2021.3.12f1\\Editor\\Unity.exe -projectpath C:\\Progetti Unity\\ProgettoIR\\ProgettoIR_navi -useHub -hubIPC -cloudEnvironment production -licensingIpc LicenseClient-gpepp -hubSessionId 33456e20-65a9-11ed-8143-837c16bf8388 -accessToken BFLq7CTLY4Ltlv7eqnJe68fzs93I4oFokITeQ1yEZIw012f","communication_protocol_version":"1.5.0","com.unity.ml-agents_version":"2.0.1","scene_name":"SampleScene","end_time_seconds":"1668612419"}}