{
    "name": "root",
    "metadata": {
        "timer_format_version": "0.1.0",
        "start_time_seconds": "1667247430",
        "python_version": "3.8.6 (tags/v3.8.6:db45529, Sep 23 2020, 15:52:53) [MSC v.1927 64 bit (AMD64)]",
        "command_line_arguments": "E:\\MLAgents-env\\Scripts\\mlagents-learn config\\Ship_imitation.yaml --run-id=run_1 --force",
        "mlagents_version": "0.29.0",
        "mlagents_envs_version": "0.29.0",
        "communication_protocol_version": "1.5.0",
        "pytorch_version": "1.8.2+cu111",
        "numpy_version": "1.21.2",
        "end_time_seconds": "1667247756"
    },
    "total": 325.600758,
    "count": 1,
    "self": 0.008542800000043371,
    "children": {
        "run_training.setup": {
            "total": 0.15027199999999996,
            "count": 1,
            "self": 0.15027199999999996
        },
        "TrainerController.start_learning": {
            "total": 325.44194319999997,
            "count": 1,
            "self": 0.1966725999993173,
            "children": {
                "TrainerController._reset_env": {
                    "total": 123.28869069999999,
                    "count": 1,
                    "self": 5.713042799999997,
                    "children": {
                        "demo_to_buffer": {
                            "total": 117.57564789999999,
                            "count": 2,
                            "self": 0.40334399999998993,
                            "children": {
                                "load_demonstration": {
                                    "total": 77.6635762,
                                    "count": 2,
                                    "self": 77.6255381,
                                    "children": {
                                        "read_file": {
                                            "total": 0.038038099999987196,
                                            "count": 2,
                                            "self": 0.038038099999987196
                                        }
                                    }
                                },
                                "make_demo_buffer": {
                                    "total": 39.5087277,
                                    "count": 2,
                                    "self": 4.146393299999538,
                                    "children": {
                                        "steps_from_proto": {
                                            "total": 35.362334400000464,
                                            "count": 104660,
                                            "self": 18.188961900002106,
                                            "children": {
                                                "_process_rank_one_or_two_observation": {
                                                    "total": 17.173372499998358,
                                                    "count": 418640,
                                                    "self": 17.173372499998358
                                                }
                                            }
                                        }
                                    }
                                }
                            }
                        }
                    }
                },
                "TrainerController.advance": {
                    "total": 201.0611640000006,
                    "count": 8634,
                    "self": 0.19372030000062068,
                    "children": {
                        "env_step": {
                            "total": 197.92913379999968,
                            "count": 8634,
                            "self": 122.13993390000259,
                            "children": {
                                "SubprocessEnvManager._take_step": {
                                    "total": 75.67069389999855,
                                    "count": 8634,
                                    "self": 0.6148846999977735,
                                    "children": {
                                        "TorchPolicy.evaluate": {
                                            "total": 75.05580920000078,
                                            "count": 8634,
                                            "self": 13.347181900000336,
                                            "children": {
                                                "TorchPolicy.sample_actions": {
                                                    "total": 61.708627300000444,
                                                    "count": 8634,
                                                    "self": 61.708627300000444
                                                }
                                            }
                                        }
                                    }
                                },
                                "workers": {
                                    "total": 0.11850599999853273,
                                    "count": 8633,
                                    "self": 0.0,
                                    "children": {
                                        "worker_root": {
                                            "total": 281.887618900001,
                                            "count": 8633,
                                            "is_parallel": true,
                                            "self": 207.7833041000018,
                                            "children": {
                                                "steps_from_proto": {
                                                    "total": 0.0006675999999998794,
                                                    "count": 1,
                                                    "is_parallel": true,
                                                    "self": 0.0003103999999995999,
                                                    "children": {
                                                        "_process_rank_one_or_two_observation": {
                                                            "total": 0.0003572000000002795,
                                                            "count": 4,
                                                            "is_parallel": true,
                                                            "self": 0.0003572000000002795
                                                        }
                                                    }
                                                },
                                                "UnityEnvironment.step": {
                                                    "total": 74.10364719999917,
                                                    "count": 8633,
                                                    "is_parallel": true,
                                                    "self": 0.6315393999969672,
                                                    "children": {
                                                        "UnityEnvironment._generate_step_input": {
                                                            "total": 1.501593800002155,
                                                            "count": 8633,
                                                            "is_parallel": true,
                                                            "self": 1.501593800002155
                                                        },
                                                        "communicator.exchange": {
                                                            "total": 67.81940489999951,
                                                            "count": 8633,
                                                            "is_parallel": true,