{
    "name": "root",
    "metadata": {
        "timer_format_version": "0.1.0",
        "start_time_seconds": "1667241387",
        "python_version": "3.8.6 (tags/v3.8.6:db45529, Sep 23 2020, 15:52:53) [MSC v.1927 64 bit (AMD64)]",
        "command_line_arguments": "E:\\MLAgents-env\\Scripts\\mlagents-learn config\\Ship_imitation.yaml --run-id=run_1 --force",
        "mlagents_version": "0.29.0",
        "mlagents_envs_version": "0.29.0",
        "communication_protocol_version": "1.5.0",
        "pytorch_version": "1.8.2+cu111",
        "numpy_version": "1.21.2",
        "end_time_seconds": "1667241684"
    },
    "total": 296.8380697,
    "count": 1,
    "self": 0.23651039999998602,
    "children": {
        "run_training.setup": {
            "total": 1.0920954000000003,
            "count": 1,
            "self": 1.0920954000000003
        },
        "TrainerController.start_learning": {
            "total": 295.5094639,
            "count": 1,
            "self": 0.14133369999967726,
            "children": {
                "TrainerController._reset_env": {
                    "total": 168.5359139,
                    "count": 1,
                    "self": 11.566095699999977,
                    "children": {
                        "demo_to_buffer": {
                            "total": 156.96981820000002,
                            "count": 2,
                            "self": 0.5630888000000027,
                            "children": {
                                "load_demonstration": {
                                    "total": 101.32201990000002,
                                    "count": 2,
                                    "self": 101.26369670000003,
                                    "children": {
                                        "read_file": {
                                            "total": 0.05832319999999669,
                                            "count": 2,
                                            "self": 0.05832319999999669
                                        }
                                    }
                                },
                                "make_demo_buffer": {
                                    "total": 55.0847095,
                                    "count": 2,
                                    "self": 6.453812200000193,
                                    "children": {
                                        "steps_from_proto": {
                                            "total": 48.63089729999981,
                                            "count": 104660,
                                            "self": 25.162979199992733,
                                            "children": {
                                                "_process_rank_one_or_two_observation": {
                                                    "total": 23.467918100007076,
                                                    "count": 418640,
                                                    "self": 23.467918100007076
                                                }
                                            }
                                        }
                                    }
                                }
                            }
                        }
                    }
                },
                "TrainerController.advance": {
                    "total": 126.53520440000028,
                    "count": 4784,
                    "self": 0.15171260000400366,
                    "children": {
                        "env_step": {
                            "total": 125.41507239999905,
                            "count": 4784,
                            "self": 84.12338899999807,
                            "children": {
                                "SubprocessEnvManager._take_step": {
                                    "total": 41.18404109999875,
                                    "count": 4784,
                                    "self": 0.673019799998599,
                                    "children": {
                                        "TorchPolicy.evaluate": {
                                            "total": 40.51102130000015,
                                            "count": 4784,
                                            "self": 15.802310900000037,
                                            "children": {
                                                "TorchPolicy.sample_actions": {
                                                    "total": 24.708710400000115,
                                                    "count": 4784,
                                                    "self": 24.708710400000115
                                                }
                                            }
                                        }
                                    }
                                },
                                "workers": {
                                    "total": 0.10764230000222597,
                                    "count": 4783,
                                    "self": 0.0,
                                    "children": {
                                        "worker_root": {
                                            "total": 267.17706089999956,
                                            "count": 4783,
                                            "is_parallel": true,
                                            "self": 211.10627100000042,
                                            "children": {
                                                "steps_from_proto": {
                                                    "total": 0.0006851999999994973,
                                                    "count": 1,
                                                    "is_parallel": true,
                                                    "self": 0.0003124999999997158,
                                                    "children": {
                                                        "_process_rank_one_or_two_observation": {
                                                            "total": 0.00037269999999978154,
                                                            "count": 4,
                                                            "is_parallel": true,
                                                            "self": 0.00037269999999978154
                                                        }
                                                    }
                                                },
                                                "UnityEnvironment.step": {
                                                    "total": 56.07010469999915,
                                                    "count": 4783,
                                                    "is_parallel": true,
                                                    "self": 0.42584389999689165,
                                                    "children": {
                                                        "UnityEnvironment._generate_step_input": {
                                                            "total": 0.9450831000001756,
                                                            "count": 4783,
                                                            "is_parallel": true,
                                                            "self": 0.9450831000001756
                                                        },
                                                        "communicator.exchange": {
                                                            "total": 52.15414430000021,
                                                            "count": 4783,
                                                            "is_parallel": true,