{
    "name": "root",
    "gauges": {
        "EnterTheDoor.Policy.Entropy.mean": {
            "value": 1.4201905727386475,
            "min": 1.418938398361206,
            "max": 1.4201905727386475,
            "count": 2
        },
        "EnterTheDoor.Policy.Entropy.sum": {
            "value": 27838.576171875,
            "min": 27838.576171875,
            "max": 30233.3203125,
            "count": 2
        },
        "EnterTheDoor.Environment.EpisodeLength.mean": {
            "value": 159.352,
            "min": 159.352,
            "max": 178.53571428571428,
            "count": 2
        },
        "EnterTheDoor.Environment.EpisodeLength.sum": {
            "value": 19919.0,
            "min": 19919.0,
            "max": 19996.0,
            "count": 2
        },
        "EnterTheDoor.Step.mean": {
            "value": 39952.0,
            "min": 19908.0,
            "max": 39952.0,
            "count": 2
        },
        "EnterTheDoor.Step.sum": {
            "value": 39952.0,
            "min": 19908.0,
            "max": 39952.0,
            "count": 2
        },
        "EnterTheDoor.Policy.ExtrinsicValueEstimate.mean": {
            "value": -0.36207762360572815,
            "min": -0.36207762360572815,
            "max": -0.07965582609176636,
            "count": 2
        },
        "EnterTheDoor.Policy.ExtrinsicValueEstimate.sum": {
            "value": -45.25970458984375,
            "min": -45.25970458984375,
            "max": -8.841796875,
            "count": 2
        },
        "EnterTheDoor.Policy.GailValueEstimate.mean": {
            "value": 3.3296706676483154,
            "min": -0.020826639607548714,
            "max": 3.3296706676483154,
            "count": 2
        },
        "EnterTheDoor.Policy.GailValueEstimate.sum": {
            "value": 416.2088317871094,
            "min": -2.3117570877075195,
            "max": 416.2088317871094,
            "count": 2
        },
        "EnterTheDoor.Environment.CumulativeReward.mean": {
            "value": -7.6374390797615055,
            "min": -8.273707452121082,
            "max": -7.6374390797615055,
            "count": 2
        },
        "EnterTheDoor.Environment.CumulativeReward.sum": {
            "value": -954.6798849701881,
            "min": -954.6798849701881,
            "max": -918.3815271854401,
            "count": 2
        },
        "EnterTheDoor.Policy.ExtrinsicReward.mean": {
            "value": -7.6374390797615055,
            "min": -8.273707452121082,
            "max": -7.6374390797615055,
            "count": 2
        },
        "EnterTheDoor.Policy.ExtrinsicReward.sum": {
            "value": -954.6798849701881,
            "min": -954.6798849701881,
            "max": -918.3815271854401,
            "count": 2
        },
        "EnterTheDoor.Policy.GailReward.mean": {
            "value": 66.1501302330494,
            "min": 66.1501302330494,
            "max": 70.68988419008684,
            "count": 2
        },
        "EnterTheDoor.Policy.GailReward.sum": {
            "value": 8268.766279131174,
            "min": 7846.57714509964,
            "max": 8268.766279131174,
            "count": 2
        },
        "EnterTheDoor.IsTraining.mean": {
            "value": 1.0,
            "min": 1.0,
            "max": 1.0,
            "count": 2
        },
        "EnterTheDoor.IsTraining.sum": {
            "value": 1.0,
            "min": 1.0,
            "max": 1.0,
            "count": 2
        },
        "EnterTheDoor.Losses.PolicyLoss.mean": {
            "value": 0.01937666994635947,
            "min": 0.01937666994635947,
            "max": 0.01937666994635947,
            "count": 1
        },
        "EnterTheDoor.Losses.PolicyLoss.sum": {
            "value": 0.01937666994635947,
            "min": 0.01937666994635947,
            "max": 0.01937666994635947,
            "count": 1
        },
        "EnterTheDoor.Losses.ValueLoss.mean": {
            "value": 5.916743218898773,
            "min": 5.916743218898773,
            "max": 5.916743218898773,
            "count": 1
        },
        "EnterTheDoor.Losses.ValueLoss.sum": {
            "value": 5.916743218898773,
            "min": 5.916743218898773,
            "max": 5.916743218898773,
            "count": 1
        },
        "EnterTheDoor.Policy.LearningRate.mean": {
            "value": 0.0002,
            "min": 0.0002,
            "max": 0.0002,
            "count": 1
        },
        "EnterTheDoor.Policy.LearningRate.sum": {
            "value": 0.0002,
            "min": 0.0002,
            "max": 0.0002,
            "count": 1
        },
        "EnterTheDoor.Policy.Epsilon.mean": {
            "value": 0.15,
            "min": 0.15,
            "max": 0.15,
            "count": 1
        },
        "EnterTheDoor.Policy.Epsilon.sum": {
            "value": 0.15,
            "min": 0.15,
            "max": 0.15,
            "count": 1
        },
        "EnterTheDoor.Policy.Beta.mean": {
            "value": 0.003,
            "min": 0.003,
            "max": 0.003,
            "count": 1
        },
        "EnterTheDoor.Policy.Beta.sum": {
            "value": 0.003,
            "min": 0.003,
            "max": 0.003,
            "count": 1
        },
        "EnterTheDoor.Policy.GAILPolicyEstimate.mean": {
            "value": 0.5900085896253586,
            "min": 0.5900085896253586,
            "max": 0.5900085896253586,
            "count": 1
        },
        "EnterTheDoor.Policy.GAILPolicyEstimate.sum": {
            "value": 0.5900085896253586,
            "min": 0.5900085896253586,
            "max": 0.5900085896253586,
            "count": 1
        },
        "EnterTheDoor.Policy.GAILExpertEstimate.mean": {
            "value": 0.5853297665715218,
            "min": 0.5853297665715218,
            "max": 0.5853297665715218,
            "count": 1
        },
        "EnterTheDoor.Policy.GAILExpertEstimate.sum": {
            "value": 0.5853297665715218,
            "min": 0.5853297665715218,
            "max": 0.5853297665715218,
            "count": 1
        },
        "EnterTheDoor.Losses.GAILLoss.mean": {
            "value": 1.4314740389585494,
            "min": 1.4314740389585494,
            "max": 1.4314740389585494,
            "count": 1
        },
        "EnterTheDoor.Losses.GAILLoss.sum": {
            "value": 1.4314740389585494,
            "min": 1.4314740389585494,
            "max": 1.4314740389585494,
            "count": 1
        },
        "EnterTheDoor.Policy.GAILGradMagLoss.mean": {
            "value": 8.523000025749207,
            "min": 8.523000025749207,
            "max": 8.523000025749207,
            "count": 1
        },
        "EnterTheDoor.Policy.GAILGradMagLoss.sum": {
            "value": 8.523000025749207,
            "min": 8.523000025749207,
            "max": 8.523000025749207,
            "count": 1
        },
        "EnterTheDoor.Losses.PretrainingLoss.mean": {
            "value": 1.4759570757548015,
            "min": 1.4759570757548015,
            "max": 1.4759570757548015,
            "count": 1
        },
        "EnterTheDoor.Losses.PretrainingLoss.sum": {
            "value": 1.4759570757548015,
            "min": 1.4759570757548015,
            "max": 1.4759570757548015,
            "count": 1
        }
    },
    "metadata": {
        "timer_format_version": "0.1.0",
        "start_time_seconds": "1665498126",
        "python_version": "3.8.6 (tags/v3.8.6:db45529, Sep 23 2020, 15:52:53) [MSC v.1927 64 bit (AMD64)]",
        "command_line_arguments": "E:\\MLAgents-env\\Scripts\\mlagents-learn ImitationLearning/config/EnterTheDoor_imitation.yaml --run-id=EnterImit --force",
        "mlagents_version": "0.29.0",
        "mlagents_envs_version": "0.29.0",
        "communication_protocol_version": "1.5.0",
        "pytorch_version": "1.12.1+cpu",
        "numpy_version": "1.21.2",
        "end_time_seconds": "1665498404"
    },
    "total": 277.3338745,
    "count": 1,