{"count":1,"self":293.70728959999997,"total":837.599733,"children":{"InitializeActuators":{"count":16,"self":0.0009981,"total":0.0009981,"children":null},"InitializeSensors":{"count":16,"self":0.0025009,"total":0.0025009,"children":null},"AgentSendState":{"count":92854,"self":7.2047664,"total":11.0134808,"children":{"CollectObservations":{"count":297136,"self":0.2550897,"total":0.2550897,"children":null},"WriteActionMask":{"count":297136,"self":0.17790609999999998,"total":0.17790609999999998,"children":null},"RequestDecision":{"count":297136,"self":0.65347309999999992,"total":3.3757183,"children":{"AgentInfo.ToProto":{"count":297136,"self":0.53141549999999993,"total":2.7222451999999997,"children":{"GenerateSensorData":{"count":297136,"self":1.7513893999999999,"total":2.1908297,"children":{"RayPerceptionSensor.Perceive":{"count":297136,"self":0.4394403,"total":0.4394403,"children":null}}}}}}}}},"DecideAction":{"count":92854,"self":349.0009088,"total":349.0009018,"children":null},"AgentAct":{"count":92854,"self":183.8279552,"total":183.8506177,"children":{"AgentInfo.ToProto":{"count":988,"self":0.0050554,"total":0.0226681,"children":{"GenerateSensorData":{"count":988,"self":0.0110192,"total":0.0176127,"children":{"RayPerceptionSensor.Perceive":{"count":988,"self":0.0065934999999999995,"total":0.0065934999999999995,"children":null}}}}}}},"AgentInfo.ToProto":{"count":1470,"self":0.006019,"total":0.022930799999999998,"children":{"GenerateSensorData":{"count":1470,"self":0.0119337,"total":0.016911799999999998,"children":{"RayPerceptionSensor.Perceive":{"count":1470,"self":0.0049781,"total":0.0049781,"children":null}}}}}},"gauges":{"EnterTheDoor.CumulativeReward":{"count":2458,"max":1.98440051,"min":-21.0867252,"runningAverage":-4.412362,"value":-3.333879,"weightedAverage":-1.515447}},"metadata":{"timer_format_version":"0.1.0","start_time_seconds":"1665500642","unity_version":"2021.3.11f1","command_line_arguments":"C:\\Program Files\\Unity\\Hub\\Editor\\2021.3.11f1\\Editor\\Unity.exe -projectpath C:\\Progetti Unity\\ProgettoIR\\ImitationLearning -useHub -hubIPC -cloudEnvironment production -licensingIpc LicenseClient-gpepp -hubSessionId 1821dc70-495a-11ed-8057-cd116bfa3832 -accessToken fqRL4HuqCKR1znqAhB1qXF3CyNqNNRuvpjtg3rM3uhA012f","communication_protocol_version":"1.5.0","com.unity.ml-agents_version":"2.0.1","scene_name":"SampleScene","end_time_seconds":"1665501479"}}