{
    "name": "root",
    "metadata": {
        "timer_format_version": "0.1.0",
        "start_time_seconds": "1665499167",
        "python_version": "3.8.6 (tags/v3.8.6:db45529, Sep 23 2020, 15:52:53) [MSC v.1927 64 bit (AMD64)]",
        "command_line_arguments": "E:\\MLAgents-env\\Scripts\\mlagents-learn EnterTheDoor.yaml --run-id=EnterDoorObservationPos",
        "mlagents_version": "0.29.0",
        "mlagents_envs_version": "0.29.0",
        "communication_protocol_version": "1.5.0",
        "pytorch_version": "1.12.1+cpu",
        "numpy_version": "1.21.2",
        "end_time_seconds": "1665499217"
    },
    "total": 50.0261303,
    "count": 1,
    "self": 0.018211100000002034,
    "children": {
        "run_training.setup": {
            "total": 0.17619479999999976,
            "count": 1,
            "self": 0.17619479999999976
        },
        "TrainerController.start_learning": {
            "total": 49.8317244,
            "count": 1,
            "self": 0.04053470000012993,
            "children": {
                "TrainerController._reset_env": {
                    "total": 13.589934000000001,
                    "count": 1,
                    "self": 13.589934000000001
                },
                "TrainerController.advance": {
                    "total": 36.01525499999987,
                    "count": 1684,
                    "self": 0.040511599999746295,
                    "children": {
                        "env_step": {
                            "total": 35.787709199999966,
                            "count": 1684,
                            "self": 32.872645100000156,
                            "children": {
                                "SubprocessEnvManager._take_step": {
                                    "total": 2.891320599999897,
                                    "count": 1685,
                                    "self": 0.12596699999993533,
                                    "children": {
                                        "TorchPolicy.evaluate": {
                                            "total": 2.765353599999962,
                                            "count": 1685,
                                            "self": 0.3603514999999966,
                                            "children": {
                                                "TorchPolicy.sample_actions": {
                                                    "total": 2.4050020999999653,
                                                    "count": 1685,
                                                    "self": 2.4050020999999653
                                                }
                                            }
                                        }
                                    }
                                },
                                "workers": {
                                    "total": 0.023743499999909545,
                                    "count": 1683,
                                    "self": 0.0,
                                    "children": {
                                        "worker_root": {
                                            "total": 22.89502549999997,
                                            "count": 1683,
                                            "is_parallel": true,
                                            "self": 4.173106599999837,
                                            "children": {
                                                "steps_from_proto": {
                                                    "total": 0.0006232999999991051,
                                                    "count": 1,
                                                    "is_parallel": true,
                                                    "self": 0.00023299999999970566,
                                                    "children": {
                                                        "_process_rank_one_or_two_observation": {
                                                            "total": 0.00039029999999939946,
                                                            "count": 4,
                                                            "is_parallel": true,
                                                            "self": 0.00039029999999939946
                                                        }
                                                    }
                                                },
                                                "UnityEnvironment.step": {
                                                    "total": 18.721295600000133,
                                                    "count": 1683,
                                                    "is_parallel": true,
                                                    "self": 0.1267492000000061,
                                                    "children": {
                                                        "UnityEnvironment._generate_step_input": {
                                                            "total": 0.27150080000007293,
                                                            "count": 1683,
                                                            "is_parallel": true,
                                                            "self": 0.27150080000007293
                                                        },
                                                        "communicator.exchange": {
                                                            "total": 17.720130200000042,
                                                            "count": 1683,
                                                            "is_parallel": true,
                                                            "self": 17.720130200000042
                                                        },
                                                        "steps_from_proto": {
                                                            "total": 0.602915400000013,
                                                            "count": 1683,
                                                            "is_parallel": true,
                                                            "self": 0.27246649999996286,
                                                            "children": {
                                                                "_process_rank_one_or_two_observation": {
                                                                    "total": 0.3304489000000501,
                                                                    "count": 6732,
                                                                    "is_parallel": true,
                                                                    "self": 0.3304489000000501
                                                                }
                                                            }
                                                        }
                                                    }
                                                }
                                            }
                                        }
                                    }
                                }
                            }
                        },
                        "trainer_advance": {
                            "total": 0.18703420000015925,
                            "count": 1683,
                            "self": 0.046216000000157464,
                            "children": {
                                "process_trajectory": {
                                    "total": 0.14081820000000178,
                                    "count": 1683,
                                    "self": 0.14081820000000178
                                }
                            }
                        }
                    }
                },